hydropower,atomicpowerplant,baltimore,chester,environment,recreation
-7.503431107810928,-0.05541337179195057,-0.022930764775911393,-0.043267917967267595,0.40134833028983413,-0.9285714285714286
-7.313149933678675,-0.08574455469797411,-0.10328067350220058,-0.07685414051371325,0.41122849323689986,-0.9285714285714286
-7.4129387786743015,-0.085282830397286,-0.05923263578094246,-0.1011343506238861,0.4075850200449411,-0.8928571428571429
-7.700331581388333,-0.07556026178826679,-0.08453078630357996,-0.06970951712826544,0.4002595187714886,-0.8928571428571429
-7.412711963239176,-0.10112115069435679,-0.08082614619720271,-0.07568370448948941,0.41359362871601313,-0.8928571428571429
-7.007193579953565,-0.055530914418251996,-0.07987876937485273,-0.07834600068050734,0.45133681415628535,-0.8928571428571429
-9.073613334571158,-0.11311478990678955,-0.10610506935480571,-0.10545748753247201,0.3516300861671634,-0.9642857142857143
