hydropower,atomicpowerplant,baltimore,chester,environment,recreation
-7.775141014681118,-0.07402496185441435,-0.06453441655037997,-0.053274268785573765,0.40000458053085486,-0.8928571428571429
-7.428053539505707,-0.05335088266898419,-0.07357732586570345,-0.06856213613321459,0.40751706469229515,-0.9285714285714286
-7.063447847416669,-0.020021123962310185,-0.022049679578514062,-0.05157090198967094,0.4518935211233443,-0.8214285714285714
-6.996321121571582,-0.07579706964083353,-0.07822157069946929,-0.059675389618101114,0.4503604861182667,-0.8928571428571429
-7.00711459201521,-0.06381704138955983,-0.07929072996054412,-0.024209797321493632,0.4509638455708233,-0.8928571428571429
-7.37171552701133,-0.0978889503543442,-0.1004399697092206,-0.039869267484470595,0.4124541457902036,-0.8928571428571429
-7.343324438216165,-0.10635875113671436,-0.0678624260158221,-0.026233506387913698,0.40901479474209307,-0.8571428571428572
-7.512383523436474,-0.07355926260070608,-0.034935192306528744,-0.05472339755524828,0.40521743161790413,-0.9285714285714286
-9.040978847172925,-0.11798089513848752,-0.10915978111527597,-0.11131179598889694,0.35211389531711373,-0.9642857142857143
