hydropower,atomicpowerplant,baltimore,chester,environment,recreation
-7.504467389602468,-0.06060570592102166,-0.05391435869675987,-0.055747634140397136,0.4139635441665064,-0.8928571428571429
-7.0177771107566755,-0.024882978649135443,-0.09306649778757642,-0.02260340845757814,0.45174222803935205,-0.8928571428571429
-7.516109550540837,-0.027234482853405587,-0.0316220224196141,-0.019703238394588152,0.4058929219079787,-0.9285714285714286
-7.383065774865372,-0.06427044204168639,-0.06464568919591178,-0.06575821850548835,0.40981524632343225,-0.9285714285714286
-9.040475577188554,-0.11784688276614856,-0.10883669373121749,-0.11111146121856744,0.3526046274359408,-0.9642857142857143
