hydropower,atomicpowerplant,baltimore,chester,environment,recreation
-7.501323569844814,-0.06675960615431302,-0.05760819205038375,-0.055972754861734725,0.40799215081797974,-0.8928571428571429
-7.3797153666398385,-0.07586910716195047,-0.0956969903782582,-0.07298375306306014,0.41056818480879154,-0.9285714285714286
-6.947855038227134,-0.055624665511121864,-0.05023437566398585,-0.05887889210128338,0.4528961964227916,-0.8571428571428572
-7.017691474746638,-0.10761364122012405,-0.09322395517723671,-0.026638794384461716,0.4519012125227987,-0.8928571428571429
-7.376293214276545,-0.054727634283571136,-0.10361632715756011,-0.042264150949164504,0.41564667110070386,-0.8928571428571429
-7.300618251752602,-0.09192971991051332,-0.1020261433072867,-0.055251735830372156,0.4174533664226356,-0.8214285714285714
-7.412899010712336,-0.10899808207565467,-0.09455202147035668,-0.05425099569594723,0.4113337687601605,-0.8571428571428572
-9.061854155782783,-0.1131527835214149,-0.10707234972728553,-0.10199753366596204,0.3514013149824939,-0.9642857142857143
-7.540321651566384,-0.03940541812710148,-0.0392182611247444,-0.013860034202265364,0.4005439087624749,-0.9285714285714286
