hydropower,atomicpowerplant,baltimore,chester,environment,recreation
-7.5092025854224325,-0.07756269430249509,-0.05363776899990573,-0.05567906349575315,0.40622017227067986,-0.8571428571428572
-7.533514361405143,-0.06788907005440016,-0.023567525529863447,-0.052163951735930775,0.4049117440185625,-0.8928571428571429
-7.417921413369656,-0.10506485012491132,-0.07380122254804701,-0.06535376271026964,0.4118031094844442,-0.8928571428571429
-7.3785890757984935,-0.05854408091985129,-0.05371413261432167,-0.053205063710585476,0.4046989050976303,-0.9285714285714286
-7.018616707320132,-0.0914917192090048,-0.08239707435881848,-0.06264943932431016,0.45068338599577484,-0.8928571428571429
-9.008891219660018,-0.11651529653150638,-0.10666341988290036,-0.10673743538582425,0.3542295912618136,-0.9285714285714286
-8.987544833820552,-0.11795562450192276,-0.1091486081340012,-0.11128813631183437,0.3521943308513307,-0.9642857142857143
