hydropower,atomicpowerplant,baltimore,chester,environment,recreation
-7.829831586989813,-0.07509558747385806,-0.055788556930805866,-0.056768061094395104,0.40062387858420034,-0.8928571428571429
-7.377878097086295,-0.09701582651358764,-0.07220819679544382,-0.10310784529604698,0.4096818021977689,-0.8928571428571429
-7.382509243722239,-0.10112901003032912,-0.092317527302356,-0.0603118745289526,0.40928631285980127,-0.9285714285714286
-7.322951950056955,-0.10171802636014544,-0.10127864142046242,-0.08789982055779118,0.4139327418169497,-0.8928571428571429
-7.0194833537759775,-0.10497168114604263,-0.09315854382423033,-0.07183832210394026,0.45181374907046234,-0.8928571428571429
-8.98587413670762,-0.11347926936225741,-0.103637943893767,-0.10636784246082087,0.35525663533346347,-0.9642857142857143
