hydropower,atomicpowerplant,baltimore,chester,environment,recreation
-7.47172693292457,-0.10015160595526015,-0.05760348405156544,-0.05359517937445132,0.40356438070729095,-0.9285714285714286
-6.994751107903872,-0.06263984062832213,-0.0693048233691261,-0.060519941394628705,0.450174162259397,-0.8928571428571429
-7.519919732371245,-0.057342982441639545,-0.06595978895800031,-0.06256529763098556,0.40558682866912044,-0.9285714285714286
-7.017584665671478,-0.021579297505623662,-0.08208955685625915,-0.047655936904214685,0.45016787656822405,-0.8928571428571429
-9.000812005715122,-0.11421032666665693,-0.10305188601903358,-0.10639073201275351,0.3565206827253837,-0.9642857142857143
-7.076695386036575,-0.07591571281338436,-0.020157096094980356,-0.02848923506577136,0.45034875510738737,-0.8214285714285714
