hydropower,atomicpowerplant,baltimore,chester,environment,recreation
-7.017638019437454,-0.06371265525804344,-0.08517432970025289,-0.05679053134723369,0.450956482985653,-0.8928571428571429
-7.301117190370819,-0.10481440885410415,-0.09159656422232358,-0.0638097267221792,0.40876494382341594,-0.9285714285714286
-7.508899103355127,-0.05081078291096021,-0.050649426811853984,-0.09363969443519365,0.40274768094712815,-0.9285714285714286
-9.05322049156134,-0.11520870270527468,-0.10626273225709727,-0.10863188435716839,0.35176204463297434,-0.9642857142857143
