hydropower,atomicpowerplant,baltimore,chester,environment,recreation
-7.508177425320773,-0.0662086130250473,-0.06050810467959578,-0.0546939620869351,0.40313646524383356,-0.9285714285714286
-9.062758435002937,-0.11328863829968505,-0.10418055754974362,-0.10659614377136628,0.3518260814457233,-0.9642857142857143
-7.03444063434598,-0.0012194843385217552,-0.01246890932288915,-0.008292182819857247,0.4514689473198364,-0.8571428571428572
