hydropower,atomicpowerplant,baltimore,chester,environment,recreation
-83.73605904136215,-0.9997582253412631,-0.9973140436253366,-0.9998317505984123,0.10965836184061249,-1.0
