hydropower,atomicpowerplant,baltimore,chester,environment,recreation
-83.77734066406605,-0.9995676602934711,-0.9992128789540357,-0.9997331162308759,0.11458704737578558,-1.0
