hydropower,atomicpowerplant,baltimore,chester,environment,recreation
-83.7350300498508,-0.9998130830512539,-0.992488785564147,-0.9992854878045245,0.11119130258242721,-1.0
