hydropower,atomicpowerplant,baltimore,chester,environment,recreation
-83.7355781560967,-0.9999867159973341,-0.9823629969436216,-0.9986662176204247,0.10417437667167387,-1.0
