hydropower,atomicpowerplant,baltimore,chester,environment,recreation
40.30610685755644,0.2704839504673672,0.15782756737416018,0.1898784803371046,0.04948898305163484,1.0
79.69667923694668,0.9995704721015444,0.9168923933373263,0.9504859426654333,0.09964943954959461,1.0
