hydropower,atomicpowerplant,baltimore,chester,environment,recreation
83.06254451684232,0.9999270017237892,0.9977790563653289,0.9997084961797377,0.09965681967998186,1.0
83.76649714369479,0.9996531198589347,0.9900056621107213,0.9995968949517665,0.11172626030407821,1.0
83.66526595629102,0.4763434899362791,0.2675166314498665,0.6542884352343313,0.0902749147806465,1.0
